MariaDB [TESTE]> select * from tb_nf;
+-------+------------------+----------------+------------+---------+------------+---------------+-----------+-------------------+---------------+
| ID_NF | ID_TIPO_OPERACAO | ID_STATUS_NOTA | DT_EMISSAO | NR_NOTA | ID_CLIENTE | ID_FORNECEDOR | ID_FILIAL | ID_TIPO_PAGAMENTO | VL_TOTAL_NOTA |
+-------+------------------+----------------+------------+---------+------------+---------------+-----------+-------------------+---------------+
|     1 |                2 |              2 | 2020-02-26 |       1 |          1 |             1 |         1 |                 1 |        100.00 |
|     2 |                2 |              1 | 2020-02-25 |       3 |          3 |             4 |         5 |                 3 |       1000.00 |
+-------+------------------+----------------+------------+---------+------------+---------------+-----------+-------------------+---------------+
2 rows in set (0.001 sec)

MariaDB [TESTE]> select * from tb_pedido;
+-----------+------------+-----------+----------------+------------+---------------+-----------+-----------------+
| ID_PEDIDO | DT_PEDIDO  | NR_PEDIDO | ID_TIPO_PEDIDO | ID_CLIENTE | ID_FORNECEDOR | ID_FILIAL | VL_TOTAL_PEDIDO |
+-----------+------------+-----------+----------------+------------+---------------+-----------+-----------------+
|         1 | 2020-02-26 |         1 |              1 |          1 |             1 |         1 |          100.00 |
|         2 | 2020-01-26 |         2 |              2 |          2 |             2 |         2 |          200.00 |
|         3 | 2020-02-25 |         3 |              1 |          3 |             4 |         5 |         1000.00 |
|         4 | 2020-02-24 |         4 |              2 |          4 |             4 |         6 |          500.00 |
+-----------+------------+-----------+----------------+------------+---------------+-----------+-----------------+
4 rows in set (0.000 sec)

MariaDB [TESTE]>